cluster,duration,up_flow,down_flow,up_and_down_flow
0,0.029426617022449062,0.01948784620839531,0.03368842158308216,0.020037922725408868
1,0.24075934777669397,0.703310788554678,0.42288558561733675,0.6945418393117909
2,0.7365946982611455,0.06492496025821423,0.1357597813540544,0.06760671724925918
3,0.3280270193130124,0.0350176596247207,0.09230440092774331,0.037152844745915584
4,0.10461997690611008,0.2988620016705584,0.24693710849830328,0.2975627619392322
